{"cameraMode":{"drawMode":0,"name":"Shaded","section":"Shading Mode"},"sceneLighting":true,"audioPlay":false,"sceneViewState":{"showFog":true,"showMaterialUpdate":false,"showSkybox":true,"showFlares":true,"showImageEffects":true,"showParticleSystems":true},"in2DMode":false,"pivot":{"x":33.59056854248047,"y":4.90009880065918,"z":28.036300659179689},"rotation":{"x":-0.16002018749713899,"y":-0.7686464786529541,"z":0.21125106513500215,"w":-0.5822625160217285},"size":9.812982559204102,"orthographic":false}