{"cameraMode":{"drawMode":0,"name":"Shaded","section":"Shading Mode"},"sceneLighting":true,"audioPlay":false,"sceneViewState":{"showFog":true,"showMaterialUpdate":false,"showSkybox":true,"showFlares":true,"showImageEffects":true,"showParticleSystems":true},"in2DMode":false,"pivot":{"x":23.738161087036134,"y":2.0,"z":32.05342102050781},"rotation":{"x":-0.04396173357963562,"y":-0.8407198786735535,"z":0.06900835782289505,"w":-0.5353127717971802},"size":32.769798278808597,"orthographic":false}