{"cameraMode":{"drawMode":0,"name":"Shaded","section":"Shading Mode"},"sceneLighting":true,"audioPlay":false,"sceneViewState":{"showFog":true,"showMaterialUpdate":false,"showSkybox":true,"showFlares":true,"showImageEffects":true,"showParticleSystems":true},"in2DMode":false,"pivot":{"x":31.86134910583496,"y":5.4175920486450199,"z":32.086402893066409},"rotation":{"x":-0.10295645147562027,"y":-0.15482592582702638,"z":0.016206620261073114,"w":-0.9824591875076294},"size":10.0,"orthographic":false}