{"cameraMode":{"drawMode":0,"name":"Shaded","section":"Shading Mode"},"sceneLighting":true,"audioPlay":false,"sceneViewState":{"showFog":true,"showMaterialUpdate":false,"showSkybox":true,"showFlares":true,"showImageEffects":true,"showParticleSystems":true},"in2DMode":false,"pivot":{"x":12.590056419372559,"y":1.996011734008789,"z":0.4028327167034149},"rotation":{"x":-0.02061130292713642,"y":0.9408894181251526,"z":-0.05822977051138878,"w":-0.33303797245025637},"size":2.7999966144561769,"orthographic":false}